Date,AAPL,MSFT
2018-01-02,40.47984313964844,79.47416687011719
2018-01-03,40.47279357910156,79.84402465820312
2018-01-04,40.660789489746094,80.54676055908203
2018-01-05,41.12371826171875,81.54537200927734
2018-01-08,40.970970153808594,81.62861633300781
2018-01-09,40.96628189086914,81.5731430053711
2018-01-10,40.95686340332031,81.20326232910156
2018-01-11,41.18952178955078,81.44368743896484
2018-01-12,41.61484909057617,82.8491439819336
2018-01-16,41.403358459472656,81.69332885742188
2018-01-17,42.087188720703125,83.34849548339844
2018-01-18,42.124778747558594,83.31147766113281
2018-01-19,41.93680191040039,83.2190170288086
2018-01-22,41.59370422363281,84.70771026611328
2018-01-23,41.60310363769531,84.97586059570312
2018-01-24,40.940433502197266,84.90189361572266
2018-01-25,40.20960235595703,85.37348937988281
2018-01-26,40.30359649658203,86.97312927246094
2018-01-29,39.46937561035156,86.8436508178711
2018-01-30,39.236724853515625,85.7525634765625
2018-01-31,39.34482192993164,87.85155487060547
2018-02-01,39.42706298828125,87.1580581665039
2018-02-02,37.71632385253906,84.8648910522461
2018-02-05,36.774009704589844,81.36972045898438
2018-02-06,38.310855865478516,84.44880676269531
2018-02-07,37.49073028564453,82.8583984375
2018-02-08,36.459110260009766,78.60498046875
2018-02-09,36.905059814453125,81.53614807128906
2018-02-12,38.39155197143555,82.41458129882812
2018-02-13,38.77614212036133,83.06182861328125
2018-02-14,39.49108123779297,84.36243438720703
2018-02-15,40.81712341308594,86.08106231689453
2018-02-16,40.68498229980469,85.46793365478516
2018-02-20,40.548133850097656,86.13680267333984
2018-02-21,40.36410903930664,84.994140625
2018-02-22,40.70151901245117,85.21712493896484
2018-02-23,41.409358978271484,87.38168334960938
2018-02-26,42.22809982299805,88.6451187133789
2018-02-27,42.09125518798828,87.51172637939453
2018-02-28,42.027549743652344,87.11226654052734
2018-03-01,41.29137420654297,86.25758361816406
2018-03-02,41.57688522338867,86.44336700439453
2018-03-05,41.720821380615234,86.99149322509766
2018-03-06,41.685428619384766,86.69419860839844
2018-03-07,41.2984619140625,87.19586181640625
2018-03-08,41.74913787841797,87.72538757324219
2018-03-09,42.46642303466797,89.68558502197266
2018-03-12,42.876976013183594,89.89925384521484
2018-03-13,42.46405792236328,87.70681762695312
2018-03-14,42.10306167602539,87.18659210205078
2018-03-15,42.152587890625,87.4931640625
2018-03-16,42.00395584106445,87.88333129882812
2018-03-19,41.36216735839844,86.29475402832031
2018-03-20,41.3480224609375,86.51771545410156
2018-03-21,40.411293029785156,85.91386413574219
2018-03-22,39.84028625488281,83.41484832763672
2018-03-23,38.917720794677734,80.99016571044922
2018-03-26,40.76521682739258,87.12155151367188
2018-03-27,39.71995544433594,83.11756134033203
2018-03-28,39.28108596801758,83.04325866699219
2018-03-29,39.58781814575195,84.7897720336914
2018-04-02,39.328269958496094,82.2350082397461
2018-04-03,39.731746673583984,83.34053039550781
2018-04-04,40.491512298583984,85.77452087402344
2018-04-05,40.77230453491211,85.8209457397461
2018-04-06,39.72938919067383,83.8236312866211
2018-04-09,40.12342834472656,84.32525634765625
2018-04-10,40.87845993041992,86.28544616699219
2018-04-11,40.68735122680664,85.33786010742188
2018-04-12,41.08847427368164,86.93576049804688
2018-04-13,41.22768020629883,86.47125244140625
2018-04-16,41.484867095947266,87.48387145996094
2018-04-17,42.055870056152344,89.24896240234375
2018-04-18,41.961483001708984,89.59269714355469
2018-04-19,40.77230453491211,89.28612518310547
2018-04-20,39.10175704956055,88.25491333007812
2018-04-23,38.988502502441406,88.580078125
2018-04-24,38.44580841064453,86.5083999633789
2018-04-25,38.61333465576172,85.75592041015625
2018-04-26,38.74782943725586,87.56747436523438
2018-04-27,38.29952621459961,89.01668548583984
2018-04-30,38.99323272705078,86.8800048828125
2018-05-01,39.89928436279297,88.25491333007812
2018-05-02,41.661834716796875,86.87071990966797
2018-05-03,41.73732376098633,87.39096069335938
2018-05-04,43.37482833862305,88.40359497070312
2018-05-07,43.68865203857422,89.38829803466797
2018-05-08,43.89863967895508,89.0074234008789
2018-05-09,44.20772933959961,90.05718994140625
2018-05-10,44.840087890625,90.95832824707031
2018-05-11,44.669551849365234,90.76322174072266
2018-05-14,44.56532287597656,91.06978607177734
2018-05-15,44.16029357910156,90.41020965576172
2018-05-16,44.57243347167969,90.6434555053711
2018-05-17,44.29057312011719,89.73844146728516
2018-05-18,44.12950897216797,89.9063720703125
2018-05-21,44.442161560058594,91.0633316040039
2018-05-22,44.330833435058594,90.97004699707031
2018-05-23,44.61506271362305,92.0523452758789
2018-05-24,44.56532287597656,91.72577667236328
2018-05-25,44.667179107666016,91.77242279052734
2018-05-29,44.50611114501953,91.44587707519531
2018-05-30,44.41136169433594,92.32290649414062
2018-05-31,44.26214599609375,92.22029876708984
2018-06-01,45.06037902832031,94.03968048095703
2018-06-04,45.43696212768555,94.86076354980469
2018-06-05,45.78753662109375,95.34589385986328
2018-06-06,45.946224212646484,95.62581634521484
2018-06-07,45.82305908203125,94.1236572265625
2018-06-08,45.40617370605469,94.82343292236328
2018-06-11,45.294857025146484,94.28227996826172
2018-06-12,45.5435676574707,94.52485656738281
2018-06-13,45.1693229675293,94.09564971923828
2018-06-14,45.19300079345703,94.62748718261719
2018-06-15,44.728763580322266,93.42388153076172
2018-06-18,44.70507049560547,94.10498809814453
2018-06-19,43.9826545715332,94.10498809814453
2018-06-20,44.17450714111328,95.04736328125
2018-06-21,43.92816925048828,94.36622619628906
2018-06-22,43.800270080566406,93.68513488769531
2018-06-25,43.148902893066406,91.8004379272461
2018-06-26,43.684200286865234,92.44419860839844
2018-06-27,43.6202507019043,91.0073471069336
2018-06-28,43.937644958496094,92.02435302734375
2018-06-29,43.84526443481445,92.00568389892578
2018-07-02,44.33557891845703,93.31190490722656
2018-07-03,43.56340408325195,92.41621398925781
2018-07-05,43.91394805908203,93.07868194580078
2018-07-06,44.5226936340332,94.38490295410156
2018-07-09,45.14089584350586,95.02870178222656
2018-07-10,45.08641815185547,95.2806167602539
2018-07-11,44.501373291015625,95.14999389648438
2018-07-12,45.24748229980469,97.21196746826172
2018-07-13,45.31854248046875,98.36893463134766
2018-07-16,45.21906661987305,97.88375091552734
2018-07-17,45.346961975097656,98.85408782958984
2018-07-18,45.0982666015625,98.07969665527344
2018-07-19,45.44881057739258,97.40791320800781
2018-07-20,45.344600677490234,99.15265655517578
2018-07-23,45.384857177734375,100.73883056640625
2018-07-24,45.7140998840332,100.4495620727539
2018-07-25,46.14519119262695,103.40727233886719
2018-07-26,46.00070571899414,102.2783203125
2018-07-27,45.235633850097656,100.46823120117188
2018-07-30,44.982208251953125,98.31291961669922
2018-07-31,45.072200775146484,98.97541046142578
2018-08-01,47.72742462158203,99.1620101928711
2018-08-02,49.122528076171875,100.3656005859375
2018-08-03,49.26464080810547,100.80412292480469
2018-08-06,49.520450592041016,100.8880844116211
2018-08-07,49.05620574951172,101.58784484863281
2018-08-08,49.08936309814453,102.15699768066406
2018-08-09,49.4754524230957,102.32495880126953
2018-08-10,49.32807922363281,101.6998291015625
2018-08-13,49.64657974243164,100.9627456665039
2018-08-14,49.855751037597656,102.22233581542969
2018-08-15,49.972232818603516,100.83612060546875
2018-08-16,50.704315185546875,100.81739807128906
2018-08-17,51.71687316894531,100.76118469238281
2018-08-20,51.21296691894531,100.09619903564453
2018-08-21,51.11314010620117,99.26260375976562
2018-08-22,51.11551284790039,100.27416229248047
2018-08-23,51.220096588134766,100.74248504638672
2018-08-24,51.37936019897461,101.52922058105469
2018-08-27,51.80244445800781,102.65316009521484
2018-08-28,52.220787048339844,103.27133178710938
2018-08-29,53.000404357910156,104.91976165771484
2018-08-30,53.4876823425293,104.85418701171875
2018-08-31,54.105682373046875,105.21014404296875
2018-09-04,54.27919006347656,104.62942504882812
2018-09-05,53.9250373840332,101.61351776123047
2018-09-06,53.0289421081543,101.84767150878906
2018-09-07,52.60108947753906,101.35128784179688
2018-09-10,51.8951416015625,102.44710540771484
2018-09-11,53.20719909667969,104.18921661376953
2018-09-12,52.54642105102539,104.62942504882812
2018-09-13,53.8156852722168,105.75337982177734
2018-09-14,53.20481872558594,106.18418884277344
2018-09-17,51.788185119628906,105.03216552734375
2018-09-18,51.87375259399414,106.03436279296875
2018-09-19,51.904659271240234,104.62005615234375
2018-09-20,52.299217224121094,106.37151336669922
2018-09-21,51.73588943481445,107.01780700683594
2018-09-24,52.479862213134766,107.40180969238281
2018-09-25,52.81262969970703,107.19575500488281
2018-09-26,52.391929626464844,106.75553894042969
2018-09-27,53.46866226196289,107.1583023071289
2018-09-28,53.656436920166016,107.12084197998047
2018-10-01,54.01771926879883,108.2822265625
2018-10-02,54.49787139892578,107.85140228271484
2018-10-03,55.16102981567383,107.8701171875
2018-10-04,54.19123840332031,105.64097595214844
2018-10-05,53.31177520751953,105.02281188964844
2018-10-08,53.188194274902344,103.82394409179688
2018-10-09,53.9250373840332,105.14456176757812
2018-10-10,51.42688751220703,99.43119812011719
2018-10-11,50.972896575927734,99.19706726074219
2018-10-12,52.793617248535156,102.62507629394531
2018-10-15,51.66457748413086,100.77992248535156
2018-10-16,52.803131103515625,103.96442413330078
2018-10-17,52.57494354248047,103.69281005859375
2018-10-18,51.34607696533203,101.62287902832031
2018-10-19,52.128082275390625,101.77274322509766
2018-10-22,52.44658660888672,102.6812515258789
2018-10-23,52.94099426269531,101.24823760986328
2018-10-24,51.12501525878906,95.83460235595703
2018-10-25,52.24456024169922,101.43555450439453
2018-10-26,51.41263198852539,100.18049621582031
2018-10-29,50.44760513305664,97.26765441894531
2018-10-30,50.699554443359375,97.15523529052734
2018-10-31,52.0211296081543,100.04000854492188
2018-11-01,52.819759368896484,99.2063980102539
2018-11-02,49.31618881225586,99.43119812011719
2018-11-05,47.91619110107422,100.69561767578125
2018-11-06,48.434364318847656,100.892333984375
2018-11-07,49.903289794921875,104.86357879638672
2018-11-08,49.72917175292969,104.66690063476562
2018-11-09,48.770320892333984,102.62507629394531
2018-11-12,46.31355285644531,100.09619903564453
2018-11-13,45.85081481933594,100.16175842285156
2018-11-14,44.5556755065918,98.74134826660156
2018-11-15,45.65523910522461,100.914306640625
2018-11-16,46.16090393066406,101.86438751220703
2018-11-19,44.33145523071289,98.41212463378906
2018-11-20,42.2133903503418,95.6748275756836
2018-11-21,42.16568374633789,96.9917221069336
2018-11-23,41.09471130371094,96.95409393310547
2018-11-26,41.650482177734375,100.15238952636719
2018-11-27,41.55984878540039,100.78260803222656
2018-11-28,43.157936096191406,104.52645874023438
2018-11-29,42.826393127441406,103.6516342163086
2018-11-30,42.59502410888672,104.3100814819336
2018-12-03,44.0833854675293,105.43888092041016
2018-12-04,42.14421463012695,102.08071899414062
2018-12-06,41.67432403564453,102.71096801757812
2018-12-07,40.188350677490234,98.60025024414062
2018-12-10,40.4531135559082,101.20590209960938
2018-12-11,40.221736907958984,102.14656829833984
2018-12-12,40.33385467529297,102.60749816894531
2018-12-13,40.775115966796875,102.95552825927734
2018-12-14,39.47039794921875,99.73847961425781
2018-12-17,39.10307693481445,96.78479766845703
2018-12-18,39.61112976074219,97.80072021484375
2018-12-19,38.37558364868164,97.5373306274414
2018-12-20,37.407203674316406,95.4866714477539
2018-12-21,35.95222091674805,92.40130615234375
2018-12-24,35.02199172973633,88.5445785522461
2018-12-26,37.4882926940918,94.59306335449219
2018-12-27,37.244998931884766,95.17626190185547
2018-12-28,37.26408386230469,94.4331283569336
2018-12-31,37.62425231933594,95.5431137084961
2019-01-02,37.66718292236328,95.11981201171875
2019-01-03,33.91524887084961,91.62056732177734
2019-01-04,35.36307144165039,95.88175964355469
2019-01-07,35.284366607666016,96.0040283203125
2019-01-08,35.95699691772461,96.70014190673828
2019-01-09,36.567596435546875,98.08290100097656
2019-01-10,36.684486389160156,97.45265197753906
2019-01-11,36.324310302734375,96.70014190673828
2019-01-14,35.77810287475586,95.99464416503906
2019-01-15,36.51034927368164,98.77898406982422
2019-01-16,36.956398010253906,99.1270523071289
2019-01-17,37.175838470458984,99.82311248779297
2019-01-18,37.40481948852539,101.31877899169922
2019-01-22,36.56521224975586,99.40923309326172
2019-01-23,36.713096618652344,100.37812805175781
2019-01-24,36.42210388183594,99.89840698242188
2019-01-25,37.629032135009766,100.8108139038086
2019-01-28,37.28077697753906,98.8448486328125
2019-01-29,36.89437484741211,96.83184051513672
2019-01-30,39.415531158447266,100.06768798828125
2019-01-31,39.69937515258789,98.23340606689453
2019-02-01,39.71846389770508,96.68131256103516
2019-02-04,40.84667205810547,99.46570587158203
2019-02-05,41.545528411865234,100.85787963867188
2019-02-06,41.55984878540039,99.73847961425781
2019-02-07,40.77273178100586,99.02357482910156
2019-02-08,40.82062530517578,99.39981842041016
2019-02-11,40.58588409423828,99.00475311279297
2019-02-12,40.93561553955078,100.54743194580078
2019-02-13,40.76552963256836,100.47218322753906
2019-02-14,40.9140510559082,100.5568618774414
2019-02-15,40.82303237915039,101.79850769042969
2019-02-19,40.9451904296875,101.75149536132812
2019-02-20,41.20869445800781,101.22247314453125
2019-02-21,40.97632598876953,103.35743713378906
2019-02-22,41.433868408203125,104.83114624023438
2019-02-25,41.735679626464844,105.41686248779297
2019-02-26,41.759639739990234,106.14424896240234
2019-02-27,41.88898849487305,105.96476745605469
2019-02-28,41.47697830200195,105.83251190185547
2019-03-01,41.9129524230957,106.30484008789062
2019-03-04,42.123741149902344,106.04977416992188
2019-03-05,42.047088623046875,105.52075958251953
2019-03-06,41.80516052246094,105.5679931640625
2019-03-07,41.321285247802734,104.2832260131836
2019-03-08,41.41949462890625,104.39659118652344
2019-03-11,42.85435104370117,106.58824920654297
2019-03-12,43.33583068847656,107.33454895019531
2019-03-13,43.52747344970703,108.16586303710938
2019-03-14,44.01134490966797,108.25086212158203
2019-03-15,44.58384323120117,109.49786376953125
2019-03-18,45.038997650146484,111.06603240966797
2019-03-19,44.682064056396484,111.14161682128906
2019-03-20,45.07252883911133,111.018798828125
2019-03-21,46.73257064819336,113.56942749023438
2019-03-22,45.764808654785156,110.57479858398438
2019-03-25,45.21147537231445,111.15105438232422
2019-03-26,44.74435043334961,111.38723754882812
2019-03-27,45.146793365478516,110.31028747558594
2019-03-28,45.20667266845703,110.46143341064453
2019-03-29,45.50131607055664,111.41557312011719
2019-04-01,45.81032943725586,112.4358139038086
2019-04-02,46.476261138916016,112.59642028808594
2019-04-03,46.79484176635742,113.333251953125
2019-04-04,46.87628936767578,112.75700378417969
2019-04-05,47.19009017944336,113.25768280029297
2019-04-08,47.932682037353516,113.29548645019531
2019-04-09,47.78895950317383,112.68142700195312
2019-04-10,48.0572395324707,113.54109191894531
2019-04-11,47.657203674316406,113.67335510253906
2019-04-12,47.63804626464844,114.2590560913086
2019-04-15,47.724273681640625,114.35353088378906
2019-04-16,47.729061126708984,114.0890121459961
2019-04-17,48.65849685668945,115.03368377685547
2019-04-18,48.83335876464844,116.54517364501953
2019-04-22,48.99386978149414,116.91358947753906
2019-04-23,49.70050811767578,118.50068664550781
2019-04-24,49.62385940551758,118.09445190429688
2019-04-25,49.17351531982422,122.00541687011719
2019-04-26,48.93876266479492,122.70449829101562
2019-04-29,49.013023376464844,122.59115600585938
2019-04-30,48.06922149658203,123.37522888183594
2019-05-01,50.42872619628906,120.80569458007812
2019-05-02,50.10054397583008,119.22806549072266
2019-05-03,50.72335433959961,121.76925659179688
2019-05-06,49.940059661865234,121.06072998046875
2019-05-07,48.593814849853516,118.57623291015625
2019-05-08,48.60341262817383,118.56678771972656
2019-05-09,48.081199645996094,118.55735778808594
2019-05-10,47.41510772705078,120.09716796875
2019-05-13,44.659358978271484,116.52628326416016
2019-05-14,45.366336822509766,117.82994842529297
2019-05-15,45.9097900390625,119.48925018310547
2019-05-16,45.707801818847656,122.24845123291016
2019-05-17,45.448089599609375,121.43301391601562
2019-05-20,44.026947021484375,119.67887878417969
2019-05-21,44.87098693847656,120.32363891601562
2019-05-22,43.952388763427734,121.05374145507812
2019-05-23,43.20212936401367,119.6409683227539
2019-05-24,43.03622055053711,119.69784545898438
2019-05-28,42.8582763671875,119.62202453613281
2019-05-29,42.65388107299805,118.4652099609375
2019-05-30,42.87510681152344,119.21427917480469
2019-05-31,42.09840774536133,117.27051544189453
2019-06-03,41.67278289794922,113.6295166015625
2019-06-04,43.19733428955078,116.7774658203125
2019-06-05,43.894691467285156,119.3091049194336
2019-06-06,44.53913879394531,121.19596862792969
2019-06-07,45.7246208190918,124.5904312133789
2019-06-10,46.308963775634766,125.72825622558594
2019-06-11,46.84519577026367,125.2541732788086
2019-06-12,46.69611740112305,124.67576599121094
2019-06-13,46.68649673461914,125.4627914428711
2019-06-14,46.347442626953125,125.5860366821289
2019-06-17,46.62397384643555,125.96530151367188
2019-06-18,47.72050094604492,128.15557861328125
2019-06-19,47.58103561401367,128.65814208984375
2019-06-20,47.9633674621582,129.8528289794922
2019-06-21,47.79985427856445,129.87179565429688
2019-06-24,47.75177001953125,130.63983154296875
2019-06-25,47.02796173095703,126.51524353027344
2019-06-26,48.045135498046875,126.98931121826172
2019-06-27,48.030704498291016,127.19789123535156
2019-06-28,47.59305191040039,127.01779174804688
2019-07-01,48.46595001220703,128.64866638183594
2019-07-02,48.74969482421875,129.5020294189453
2019-07-03,49.15367126464844,130.33642578125
2019-07-05,49.110389709472656,129.95712280273438
2019-07-08,48.09803009033203,129.86233520507812
2019-07-09,48.39140319824219,129.38824462890625
2019-07-10,48.86991882324219,130.70619201660156
2019-07-11,48.51404571533203,131.22767639160156
2019-07-12,48.88676834106445,131.7017364501953
2019-07-15,49.346065521240234,131.7017364501953
2019-07-16,49.175323486328125,129.97610473632812
2019-07-17,48.898780822753906,129.20809936523438
2019-07-18,49.45425796508789,129.35031127929688
2019-07-19,48.716041564941406,129.53990173339844
2019-07-22,49.82939529418945,131.25613403320312
2019-07-23,50.21894073486328,132.07154846191406
2019-07-24,50.178062438964844,133.42745971679688
2019-07-25,49.78129577636719,132.92491149902344
2019-07-26,49.95443344116211,134.01528930664062
2019-07-29,50.420928955078125,133.7213897705078
2019-07-30,50.20452117919922,133.07662963867188
2019-07-31,51.2288932800293,129.20809936523438
2019-08-01,50.12035369873047,130.90528869628906
2019-08-02,49.05989456176758,129.80538940429688
2019-08-05,46.49170684814453,125.35847473144531
2019-08-06,47.371822357177734,127.70996856689453
2019-08-07,47.86237716674805,128.26931762695312
2019-08-08,48.918025970458984,131.69229125976562
2019-08-09,48.51491928100586,130.57345581054688
2019-08-12,48.39180374145508,128.75294494628906
2019-08-13,50.441131591796875,131.41732788085938
2019-08-14,48.93973922729492,127.45975494384766
2019-08-15,48.69595718383789,127.17436218261719
2019-08-16,49.84491729736328,129.505126953125
2019-08-19,50.774227142333984,131.67417907714844
2019-08-20,50.776649475097656,130.58010864257812
2019-08-21,51.32698440551758,132.03567504882812
2019-08-22,51.283546447753906,131.07485961914062
2019-08-23,48.91319274902344,126.89851379394531
2019-08-26,49.842498779296875,128.85818481445312
2019-08-27,49.28009796142578,129.13412475585938
2019-08-28,49.610774993896484,128.96287536621094
2019-08-29,50.45077896118164,131.39828491210938
2019-08-30,50.38560485839844,131.15097045898438
2019-09-03,49.651817321777344,129.41952514648438
2019-09-04,50.494232177734375,130.93212890625
2019-09-05,51.48147964477539,133.234375
2019-09-06,51.476654052734375,132.33058166503906
2019-09-09,51.69630432128906,130.82745361328125
2019-09-10,52.3069953918457,129.45755004882812
2019-09-11,53.97010803222656,129.4956512451172
2019-09-12,53.84941101074219,130.82745361328125
2019-09-13,52.801822662353516,130.63723754882812
2019-09-16,53.07939910888672,129.69541931152344
2019-09-17,53.27250289916992,130.70382690429688
2019-09-18,53.77217102050781,131.77880859375
2019-09-19,53.335269927978516,134.20474243164062
2019-09-20,52.55560302734375,132.65403747558594
2019-09-23,52.794586181640625,132.36862182617188
2019-09-24,52.54354476928711,130.69430541992188
2019-09-25,53.35216522216797,132.57798767089844
2019-09-26,53.07699203491211,132.74916076660156
2019-09-27,52.81871795654297,131.02725219726562
2019-09-30,54.06182861328125,132.26400756835938
2019-10-01,54.21147918701172,130.39938354492188
2019-10-02,52.85251235961914,128.09713745117188
2019-10-03,53.30148696899414,129.64784240722656
2019-10-04,54.795616149902344,131.39828491210938
2019-10-07,54.80768966674805,130.44692993164062
2019-10-08,54.165611267089844,129.06753540039062
2019-10-09,54.800453186035156,131.51243591308594
2019-10-10,55.53907012939453,132.33058166503906
2019-10-11,57.016319274902344,132.8823699951172
2019-10-14,56.934234619140625,132.75872802734375
2019-10-15,56.801483154296875,134.68040466308594
2019-10-16,56.57217025756836,133.5768585205078
2019-10-17,56.79182815551758,132.89190673828125
2019-10-18,57.0645866394043,130.72283935546875
2019-10-21,58.05424499511719,131.6931915283203
2019-10-22,57.92149353027344,129.73342895507812
2019-10-23,58.69872283935547,130.56112670898438
2019-10-24,58.79527282714844,133.1296844482422
2019-10-25,59.5194206237793,133.8813018798828
2019-10-28,60.11562728881836,137.1728973388672
2019-10-29,58.72529602050781,135.87911987304688
2019-10-30,58.71803283691406,137.5724334716797
2019-10-31,60.04562759399414,136.39279174804688
2019-11-01,61.7497673034668,136.7257537841797
2019-11-04,62.15528106689453,137.51536560058594
2019-11-05,62.065975189208984,137.42971801757812
2019-11-06,62.092525482177734,137.04925537109375
2019-11-07,62.80916213989258,137.2394561767578
2019-11-08,62.981056213378906,138.85675048828125
2019-11-11,63.47977828979492,138.9994354248047
2019-11-12,63.42167282104492,139.91270446777344
2019-11-13,64.02937316894531,140.14102172851562
2019-11-14,63.58632278442383,140.8545684814453
2019-11-15,64.3416748046875,142.67156982421875
2019-11-18,64.66609191894531,143.0236053466797
2019-11-19,64.47000885009766,143.07113647460938
2019-11-20,63.719459533691406,142.822998046875
2019-11-21,63.43378829956055,142.68934631347656
2019-11-22,63.37809753417969,142.79434204101562
2019-11-25,64.4893569946289,144.3598175048828
2019-11-26,63.985782623291016,145.1234893798828
2019-11-27,64.84526824951172,145.40028381347656
2019-11-29,64.70240783691406,144.5030059814453
2019-12-02,63.954307556152344,142.7561492919922
2019-12-03,62.813987731933594,142.52706909179688
2019-12-04,63.368408203125,143.0425262451172
2019-12-05,64.29808807373047,143.118896484375
2019-12-06,65.54007720947266,144.856201171875
2019-12-09,64.62249755859375,144.4839630126953
2019-12-10,65.00020599365234,144.264404296875
2019-12-11,65.55463409423828,144.80850219726562
2019-12-12,65.72168731689453,146.27854919433594
2019-12-13,66.61503601074219,147.50991821289062
2019-12-16,67.75533294677734,148.46449279785156
2019-12-17,67.88850402832031,147.66262817382812
2019-12-18,67.7262954711914,147.35720825195312
2019-12-19,67.7940902709961,148.63633728027344
2019-12-20,67.65367126464844,150.25906372070312
2019-12-23,68.7576675415039,150.25906372070312
2019-12-24,68.82302856445312,150.23046875
2019-12-26,70.1884994506836,151.46185302734375
2019-12-27,70.16187286376953,151.73866271972656
2019-12-30,70.57827758789062,150.43087768554688
2019-12-31,71.09394836425781,150.53591918945312
2020-01-02,72.71604919433594,153.32330322265625
2020-01-03,72.00911712646484,151.4141082763672
2020-01-06,72.58290100097656,151.8054656982422
2020-01-07,72.2415542602539,150.42138671875
2020-01-08,73.40363311767578,152.8173370361328
2020-01-09,74.96280670166016,154.72647094726562
2020-01-10,75.13225555419922,154.01055908203125
2020-01-13,76.73744201660156,155.8624267578125
2020-01-14,75.70121002197266,154.76467895507812
2020-01-15,75.37678527832031,155.7669677734375
2020-01-16,76.32099151611328,158.62115478515625
2020-01-17,77.16593933105469,159.5089111328125
2020-01-21,76.64300537109375,158.9361572265625
2020-01-22,76.91657257080078,158.1724853515625
2020-01-23,77.2870101928711,159.14613342285156
2020-01-24,77.06427764892578,157.54244995117188
2020-01-27,74.79816436767578,154.9078369140625
2020-01-28,76.91414642333984,157.9434051513672
2020-01-29,78.5241470336914,160.40623474121094
2020-01-30,78.41036987304688,164.93084716796875
2020-01-31,74.93373107910156,162.49668884277344
2020-02-03,74.72795867919922,166.45814514160156
2020-02-04,77.19498443603516,171.93740844726562
2020-02-05,77.824462890625,171.72735595703125
2020-02-06,78.73477935791016,175.2879638671875
2020-02-07,77.66456604003906,175.5361328125
2020-02-10,78.03343200683594,180.1276397705078
2020-02-11,77.56265258789062,176.06114196777344
2020-02-12,79.40458679199219,176.31886291503906
2020-02-13,78.8391342163086,175.3643341064453
2020-02-14,78.85855865478516,176.92979431152344
2020-02-18,77.41462707519531,178.72439575195312
2020-02-19,78.53579711914062,179.2604522705078
2020-02-20,77.7300796508789,176.52288818359375
2020-02-21,75.97067260742188,170.94252014160156
2020-02-24,72.36202239990234,163.57225036621094
2020-02-25,69.91096496582031,160.873046875
2020-02-26,71.02001953125,162.8831329345703
2020-02-27,66.37754821777344,151.40655517578125
2020-02-28,66.33873748779297,155.07249450683594
2020-03-02,72.5149154663086,165.39093017578125
2020-03-03,70.2118911743164,157.46548461914062
2020-03-04,73.4686508178711,163.24681091308594
2020-03-05,71.08553314208984,159.15011596679688
2020-03-06,70.14151000976562,154.65138244628906
2020-03-09,64.59388732910156,144.1702880859375
2020-03-10,69.24603271484375,154.02919006347656
2020-03-11,66.8410873413086,147.05136108398438
2020-03-12,60.240203857421875,133.10525512695312
2020-03-13,67.45748138427734,152.02870178222656
2020-03-16,58.7792854309082,129.62115478515625
2020-03-17,61.36381912231445,140.29367065429688
2020-03-18,59.861637115478516,134.3878631591797
2020-03-19,59.40297317504883,136.59896850585938
2020-03-20,55.63174057006836,131.46847534179688
2020-03-23,54.449893951416016,130.1571502685547
2020-03-24,59.912601470947266,141.9878692626953
2020-03-25,59.58255386352539,140.6287078857422
2020-03-26,62.71796798706055,149.42515563964844
2020-03-27,60.12130355834961,143.28965759277344
2020-03-30,61.83704376220703,153.3687286376953
2020-03-31,61.71084976196289,150.95663452148438
2020-04-01,58.46379852294922,145.59649658203125
2020-04-02,59.43937683105469,148.61155700683594
2020-04-03,58.585140228271484,147.24281311035156
2020-04-06,63.695945739746094,158.1929473876953
2020-04-07,62.95822525024414,156.48915100097656
2020-04-08,64.56962585449219,158.0589599609375
2020-04-09,65.03556060791016,158.06849670410156
2020-04-13,66.31201934814453,158.4226531982422
2020-04-14,69.66101837158203,166.26194763183594
2020-04-15,69.02518463134766,164.51988220214844
2020-04-16,69.57365417480469,169.4589080810547
2020-04-17,68.62962341308594,170.9521484375
2020-04-20,67.2051010131836,167.56365966796875
2020-04-21,65.12777709960938,160.6337432861328
2020-04-22,67.0036849975586,166.08969116210938
2020-04-23,66.7439956665039,164.07958984375
2020-04-24,68.67089080810547,167.0755615234375
2020-04-27,68.71944427490234,166.596923828125
2020-04-28,67.60552978515625,162.53848266601562
2020-04-29,69.8260269165039,169.83224487304688
2020-04-30,71.29908752441406,171.5360107421875
2020-05-01,70.1512222290039,167.0947265625
2020-05-04,71.1437759399414,171.18182373046875
2020-05-05,72.21155548095703,173.01962280273438
2020-05-06,72.95660400390625,174.723388671875
2020-05-07,73.71133422851562,175.73805236816406
2020-05-08,75.4657974243164,176.771728515625
2020-05-11,76.65326690673828,178.74359130859375
2020-05-12,75.77725219726562,174.69473266601562
2020-05-13,74.8623046875,172.0529022216797
2020-05-14,75.32221221923828,172.79946899414062
2020-05-15,74.87690734863281,175.31683349609375
2020-05-18,76.64108276367188,176.99192810058594
2020-05-19,76.19820404052734,175.76673889160156
2020-05-20,77.68014526367188,178.2047576904297
2020-05-21,77.10098266601562,176.0642852783203
2020-05-22,77.59740447998047,176.14105224609375
2020-05-26,77.07179260253906,174.27894592285156
2020-05-27,77.40760040283203,174.5093536376953
2020-05-28,77.44165802001953,174.11578369140625
2020-05-29,77.36622619628906,175.8915252685547
2020-06-01,78.31767272949219,175.48838806152344
2020-06-02,78.68025207519531,177.48487854003906
2020-06-03,79.11339569091797,177.91677856445312
2020-06-04,78.43204498291016,175.57476806640625
2020-06-05,80.66585540771484,179.682861328125
2020-06-08,81.14280700683594,180.79632568359375
2020-06-09,83.70513153076172,182.1785125732422
2020-06-10,85.85865020751953,188.93577575683594
2020-06-11,81.73653411865234,178.79025268554688
2020-06-12,82.44221496582031,180.201171875
2020-06-15,83.4618148803711,181.35305786132812
2020-06-16,85.67369842529297,185.79705810546875
2020-06-17,85.55448913574219,186.44020080566406
2020-06-18,85.58854675292969,188.4366912841797
2020-06-19,85.09945678710938,187.3136749267578
2020-06-22,87.32598114013672,192.5160369873047
2020-06-23,89.18992614746094,193.80221557617188
2020-06-24,87.61553955078125,189.89564514160156
2020-06-25,88.77869415283203,192.29525756835938
2020-06-26,86.0509033203125,188.44630432128906
2020-06-29,88.03407287597656,190.47157287597656
2020-06-30,88.76895904541016,195.3379364013672
2020-07-01,88.60104370117188,196.4801788330078
2020-07-02,88.60104370117188,197.97752380371094
2020-07-06,90.97115325927734,202.2392120361328
2020-07-07,90.6888656616211,199.88763427734375
2020-07-08,92.80103302001953,204.2837371826172
2020-07-09,93.20010375976562,205.7139129638672
2020-07-10,93.36312866210938,205.08998107910156
2020-07-13,92.93242645263672,198.75503540039062
2020-07-14,94.4703369140625,199.98362731933594
2020-07-15,95.1200180053711,199.68605041503906
2020-07-16,93.94957733154297,195.7314910888672
2020-07-17,93.759765625,194.7332763671875
2020-07-20,95.73566436767578,203.1031036376953
2020-07-21,94.41434478759766,200.3675079345703
2020-07-22,94.6795883178711,203.24708557128906
2020-07-23,90.3701171875,194.40689086914062
2020-07-24,90.14624786376953,193.21670532226562
2020-07-27,92.28273010253906,195.66432189941406
2020-07-28,90.7667465209961,193.9077911376953
2020-07-29,92.50660705566406,195.86587524414062
2020-07-30,93.6259536743164,195.7123260498047
2020-07-31,103.4275131225586,196.77772521972656
2020-08-03,106.03365325927734,207.8447265625
2020-08-04,106.74176025390625,204.72525024414062
2020-08-05,107.128662109375,204.38931274414062
2020-08-06,110.86630249023438,207.66238403320312
2020-08-07,108.34567260742188,203.94775390625
2020-08-10,109.92044830322266,199.88763427734375
2020-08-11,106.65142822265625,195.2131805419922
2020-08-12,110.19589233398438,200.78988647460938
2020-08-13,112.14610290527344,200.31954956054688
2020-08-14,112.0461654663086,200.5115203857422
2020-08-17,111.75363159179688,201.8361358642578
2020-08-18,112.68486785888672,202.99754333496094
2020-08-19,112.82624053955078,201.76593017578125
2020-08-20,115.32979583740234,206.46131896972656
2020-08-21,121.27301025390625,204.96034240722656
2020-08-24,122.72348022460938,205.60498046875
2020-08-25,121.7166976928711,208.27981567382812
2020-08-26,123.3719253540039,212.78273010253906
2020-08-27,121.8970947265625,218.00729370117188
2020-08-28,121.69963836669922,220.2491455078125
2020-08-31,125.82674407958984,216.99703979492188
2020-09-01,130.83872985839844,218.6711883544922
2020-09-02,128.12799072265625,222.88540649414062
2020-09-03,117.86991882324219,209.078369140625
2020-09-04,117.94792175292969,206.14381408691406
2020-09-08,110.01063537597656,194.99232482910156
2020-09-09,114.3985824584961,203.29574584960938
2020-09-10,110.66395568847656,197.59979248046875
2020-09-11,109.2110595703125,196.3104705810547
2020-09-14,112.48738098144531,197.63827514648438
2020-09-15,112.66291809082031,200.88079833984375
2020-09-16,109.33782196044922,197.2918701171875
2020-09-17,107.5923843383789,195.23284912109375
2020-09-18,104.17955017089844,192.8081817626953
2020-09-21,107.33889770507812,194.87684631347656
2020-09-22,109.0257797241211,199.57220458984375
2020-09-23,104.45257568359375,193.00057983398438
2020-09-24,105.52519226074219,195.50228881835938
2020-09-25,109.48408508300781,199.9570770263672
2020-09-28,112.09735107421875,201.5157928466797
2020-09-29,111.2490234375,199.41824340820312
2020-09-30,112.92618560791016,202.3721160888672
2020-10-01,113.88177490234375,204.4215545654297
2020-10-02,110.20567321777344,198.3887481689453
2020-10-05,113.59899139404297,202.4202117919922
2020-10-06,110.34219360351562,198.11932373046875
2020-10-07,112.21438598632812,201.8910369873047
2020-10-08,112.10710144042969,202.6126708984375
2020-10-09,114.05730438232422,207.64480590820312
2020-10-12,121.3022689819336,213.0232696533203
2020-10-13,118.08446502685547,214.42807006835938
2020-10-14,118.1722183227539,212.5037078857422
2020-10-15,117.70417022705078,211.34912109375
2020-10-16,116.0562515258789,211.34912109375
2020-10-19,113.09196472167969,206.1149444580078
2020-10-20,114.58384704589844,206.52867126464844
2020-10-21,113.95978546142578,206.6729736328125
2020-10-22,112.86769104003906,206.7595977783203
2020-10-23,112.17536926269531,208.04891967773438
2020-10-26,112.18510437011719,202.13156127929688
2020-10-27,113.69650268554688,205.18167114257812
2020-10-28,108.43096923828125,195.01158142089844
2020-10-29,112.44839477539062,196.97434997558594
2020-10-30,106.14923858642578,194.80950927734375
2020-11-02,106.06147003173828,194.6748046875
2020-11-03,107.68990325927734,198.61964416503906
2020-11-04,112.08760833740234,208.2028350830078
2020-11-05,116.06600189208984,214.8417510986328
2020-11-06,115.93413543701172,215.25552368164062
2020-11-09,113.6191635131836,210.127197265625
2020-11-10,113.27730560302734,203.0263671875
2020-11-11,116.71556854248047,208.35678100585938
2020-11-12,116.44207763671875,207.2887725830078
2020-11-13,116.49090576171875,208.3182830810547
2020-11-16,117.50677490234375,209.01101684570312
2020-11-17,116.6178970336914,206.3458709716797
2020-11-18,115.28945922851562,203.62548828125
2020-11-19,115.88529205322266,204.9181365966797
2020-11-20,114.61549377441406,202.95985412597656
2020-11-23,111.2065200805664,202.68971252441406
2020-11-24,112.49586486816406,206.30726623535156
2020-11-25,113.3359146118164,206.3169403076172
2020-11-27,113.88290405273438,207.62890625
2020-11-30,116.2857894897461,206.50985717773438
2020-12-01,119.87056732177734,208.5743408203125
2020-12-02,120.22221374511719,207.7639617919922
2020-12-03,120.08545684814453,206.673828125
2020-12-04,119.4114761352539,206.78961181640625
2020-12-07,120.87667083740234,206.7220916748047
2020-12-08,121.49202728271484,208.38136291503906
2020-12-09,118.95240020751953,204.32000732421875
2020-12-10,120.37847900390625,203.08522033691406
2020-12-11,119.5677719116211,205.7284698486328
2020-12-14,118.95240020751953,206.63526916503906
2020-12-15,124.9107437133789,206.56773376464844
2020-12-16,124.84236907958984,211.53587341308594
2020-12-17,125.71170806884766,211.6709442138672
2020-12-18,123.71907806396484,210.87020874023438
2020-12-21,125.25262451171875,214.72898864746094
2020-12-22,128.81788635253906,216.0312957763672
2020-12-23,127.91927337646484,213.21438598632812
2020-12-24,128.9058074951172,214.88331604003906
2020-12-28,133.51620483398438,217.01527404785156
2020-12-29,131.7384490966797,216.23387145996094
2020-12-30,130.61517333984375,213.85110473632812
2020-12-31,129.6090850830078,214.56497192382812
2021-01-04,126.4052505493164,210.00201416015625
2021-01-05,127.96806335449219,210.20462036132812
2021-01-06,123.66048431396484,204.754150390625
2021-01-07,127.88018035888672,210.58082580566406
2021-01-08,128.9839324951172,211.86387634277344
2021-01-11,125.9852066040039,209.80909729003906
2021-01-12,125.80941009521484,207.33946228027344
2021-01-13,127.85088348388672,208.69967651367188
2021-01-14,125.9168472290039,205.4969482421875
2021-01-15,124.18793487548828,205.13998413085938
2021-01-19,124.8619155883789,208.79615783691406
2021-01-20,128.96438598632812,216.4171600341797
2021-01-21,133.69204711914062,217.02488708496094
2021-01-22,135.84095764160156,217.9702911376953
2021-01-25,139.60154724121094,221.4238739013672
2021-01-26,139.83596801757812,224.1249542236328
2021-01-27,138.76148986816406,224.67481994628906
2021-01-28,133.90692138671875,230.49191284179688
2021-01-29,128.8960418701172,223.76805114746094
2021-02-01,131.02542114257812,231.1864471435547
2021-02-02,131.85568237304688,231.05142211914062
2021-02-03,130.83006286621094,234.41819763183594
2021-02-04,134.19996643066406,233.46310424804688
2021-02-05,133.7842254638672,233.64642333984375
2021-02-08,133.930908203125,233.90687561035156
2021-02-09,133.05050659179688,235.1609344482422
2021-02-10,132.44400024414062,234.24452209472656
2021-02-11,132.18968200683594,235.8555450439453
2021-02-12,132.4244384765625,236.33787536621094
2021-02-16,130.2918701171875,235.0934295654297
2021-02-17,127.9930191040039,236.1183624267578
2021-02-18,126.88760375976562,235.721923828125
2021-02-19,127.04411315917969,232.99526977539062
2021-02-22,123.2583236694336,226.74900817871094
2021-02-23,123.12136840820312,225.55006408691406
2021-02-24,122.62248229980469,226.7877197265625
2021-02-25,118.35733795166016,221.41172790527344
2021-02-26,118.62146759033203,224.6895294189453
2021-03-01,125.0093765258789,229.0986328125
2021-03-02,122.39746856689453,226.13021850585938
2021-03-03,119.404052734375,220.02902221679688
2021-03-04,117.51605987548828,219.22653198242188
2021-03-05,118.7779769897461,223.93533325195312
2021-03-08,113.82808685302734,219.8646697998047
2021-03-09,118.45513916015625,226.04318237304688
2021-03-10,117.36931610107422,224.72821044921875
2021-03-11,119.30624389648438,229.28233337402344
2021-03-12,118.3964614868164,227.94801330566406
2021-03-15,121.29205322265625,227.03909301757812
2021-03-16,122.83767700195312,229.84312438964844
2021-03-17,122.0453109741211,229.19532775878906
2021-03-18,117.9073486328125,223.08450317382812
2021-03-19,117.37908935546875,222.72669982910156
2021-03-22,120.70511627197266,228.18006896972656
2021-03-23,119.87360382080078,229.71743774414062
2021-03-24,117.47692108154297,227.66761779785156
2021-03-25,117.96602630615234,224.65084838867188
2021-03-26,118.57254028320312,228.65383911132812
2021-03-29,118.7486343383789,227.4548797607422
2021-03-30,117.29105377197266,224.17703247070312
2021-03-31,119.49211883544922,227.9673309326172
2021-04-01,120.3236083984375,234.32955932617188
2021-04-05,123.16050720214844,240.82720947265625
2021-04-06,123.46375274658203,239.65721130371094
2021-04-07,125.11697387695312,241.6297149658203
2021-04-08,127.5234603881836,244.8688507080078
2021-04-09,130.10598754882812,247.38284301757812
2021-04-12,128.38433837890625,247.4408416748047
2021-04-13,131.5048828125,249.93545532226562
2021-04-14,129.1571044921875,247.1313934326172
2021-04-15,131.57337951660156,250.9119873046875
2021-04-16,131.2407684326172,252.11099243164062
2021-04-19,131.9059600830078,250.1772003173828
2021-04-20,130.213623046875,249.71304321289062
2021-04-21,130.5951385498047,251.95626831054688
2021-04-22,129.06906127929688,248.65908813476562
2021-04-23,131.39727783203125,252.50741577148438
2021-04-26,131.78857421875,252.8941650390625
2021-04-27,131.4657745361328,253.30023193359375
2021-04-28,130.67340087890625,246.135498046875
2021-04-29,130.57557678222656,244.15330505371094
2021-04-30,128.59954833984375,243.834228515625
2021-05-03,129.65599060058594,243.52484130859375
2021-05-04,125.06805419921875,239.5895233154297
2021-05-05,125.31263732910156,238.31324768066406
2021-05-06,126.91693878173828,241.46531677246094
2021-05-07,127.59308624267578,244.10504150390625
2021-05-10,124.30060577392578,238.9997100830078
2021-05-11,123.37950134277344,238.08116149902344
2021-05-12,120.3026123046875,231.0904541015625
2021-05-13,122.45838928222656,234.98704528808594
2021-05-14,124.8885269165039,239.93760681152344
2021-05-17,123.73226165771484,237.06588745117188
2021-05-18,122.34078979492188,235.03543090820312
2021-05-19,122.18400573730469,235.6168670654297
2021-05-20,124.75135803222656,238.87319946289062
2021-05-21,122.90914154052734,237.60365295410156
2021-05-24,124.54558563232422,243.04051208496094
2021-05-25,124.34962463378906,243.95150756835938
2021-05-26,124.30060577392578,243.7285919189453
2021-05-27,122.76216125488281,241.6158905029297
2021-05-28,122.10562133789062,241.97445678710938
2021-06-01,121.78226470947266,239.7648162841797
2021-06-02,122.54658508300781,239.6678924560547
2021-06-03,121.05712890625,238.12698364257812
2021-06-04,123.35989379882812,243.05020141601562
2021-06-07,123.36969757080078,245.9770050048828
2021-06-08,124.19280242919922,244.77525329589844
2021-06-09,124.57496643066406,245.7637481689453
2021-06-10,123.57546997070312,249.30113220214844
2021-06-11,124.79057312011719,249.93109130859375
2021-06-14,127.8576431274414,251.86932373046875
2021-06-15,127.03453063964844,250.38656616210938
2021-06-16,127.53428649902344,249.43682861328125
2021-06-17,129.1413116455078,252.84820556640625
2021-06-18,127.8380355834961,251.42356872558594
2021-06-21,129.6410675048828,254.52481079101562
2021-06-22,131.28733825683594,257.31597900390625
2021-06-23,131.01295471191406,257.0833435058594
2021-06-24,130.72877502441406,258.4594421386719
2021-06-25,130.434814453125,256.8410339355469
2021-06-28,132.07119750976562,260.4268798828125
2021-06-29,133.59007263183594,263.02410888671875
2021-06-30,134.2073974609375,262.5395202636719
2021-07-01,134.51119995117188,263.21795654296875
2021-07-02,137.14712524414062,269.08123779296875
2021-07-06,139.1657257080078,269.0909423828125
2021-07-07,141.66445922851562,271.2908630371094
2021-07-08,140.36122131347656,268.8583679199219
2021-07-09,142.19358825683594,269.3622741699219
2021-07-12,141.59585571289062,268.7614440917969
2021-07-13,142.71295166015625,272.3084716796875
2021-07-14,146.15243530273438,273.79119873046875
2021-07-15,145.4958953857422,272.35693359375
2021-07-16,143.4479217529297,272.0856018066406
2021-07-19,139.5870819091797,268.4609680175781
2021-07-20,143.2126922607422,270.6997375488281
2021-07-21,142.47776794433594,272.7156066894531
2021-07-22,143.84967041015625,277.30926513671875
2021-07-23,145.57427978515625,280.7303161621094
2021-07-26,145.99562072753906,280.1294250488281
2021-07-27,143.82025146484375,277.6968994140625
2021-07-28,142.06622314453125,277.3868103027344
2021-07-29,142.71295166015625,277.65814208984375
2021-07-30,142.9285430908203,276.1172180175781
2021-08-02,142.59535217285156,276.030029296875
2021-08-03,144.39837646484375,278.2590026855469
2021-08-04,143.99659729003906,277.6678161621094
2021-08-05,144.10443115234375,280.58489990234375
2021-08-06,143.41748046875,280.5267333984375
2021-08-09,143.36842346191406,279.4316101074219
2021-08-10,142.8875274658203,277.5999755859375
2021-08-11,143.14266967773438,278.09423828125
2021-08-12,146.11622619628906,280.865966796875
2021-08-13,146.32232666015625,283.8121643066406
2021-08-16,148.3046875,285.5081481933594
2021-08-17,147.3920135498047,284.0350341796875
2021-08-18,143.63339233398438,282.2969970703125
2021-08-19,143.96701049804688,288.1617736816406
2021-08-20,145.42926025390625,295.5316162109375
2021-08-23,146.92098999023438,295.813232421875
2021-08-24,146.83261108398438,293.8420715332031
2021-08-25,145.5961151123047,293.2497863769531
2021-08-26,144.7913818359375,290.41448974609375
2021-08-27,145.83164978027344,291.0262145996094
2021-08-30,150.2674102783203,294.78399658203125
2021-08-31,149.00144958496094,293.1235656738281
2021-09-01,149.66879272460938,293.07501220703125
2021-09-02,150.7875518798828,292.41473388671875
2021-09-03,151.4254608154297,292.405029296875
2021-09-07,153.77090454101562,291.4728698730469
2021-09-08,152.22036743164062,291.5019836425781
2021-09-09,151.19976806640625,288.62786865234375
2021-09-10,146.1947784423828,287.1325378417969
2021-09-13,146.7639617919922,288.37542724609375
2021-09-14,145.36058044433594,291.0942687988281
2021-09-15,146.25363159179688,295.978271484375
2021-09-16,146.01806640625,296.3666687011719
2021-09-17,143.3389892578125,291.17181396484375
2021-09-20,140.27708435058594,285.7633972167969
2021-09-21,140.7579803466797,286.2489013671875
2021-09-22,143.1328887939453,289.9192199707031
2021-09-23,144.09461975097656,290.870849609375
2021-09-24,144.1829376220703,290.6669616699219
2021-09-27,142.6618194580078,285.6372375488281
2021-09-28,139.2662811279297,275.296142578125
2021-09-29,140.1691436767578,275.7622375488281
2021-09-30,138.86390686035156,273.7425231933594
2021-10-01,139.99249267578125,280.7142639160156
2021-10-04,136.54786682128906,274.8980407714844
2021-10-05,138.481201171875,280.3841552734375
2021-10-06,139.35458374023438,284.6078796386719
2021-10-07,140.6205596923828,286.2974548339844
2021-10-08,140.23782348632812,286.2974548339844
2021-10-11,140.1495361328125,285.6954345703125
2021-10-12,138.8737030029297,284.3846130371094
2021-10-13,138.28489685058594,287.7151794433594
2021-10-14,141.081787109375,293.9683532714844
2021-10-15,142.14169311523438,295.3860168457031
2021-10-18,143.81983947753906,298.3766784667969
2021-10-19,145.98867797851562,299.2893981933594
2021-10-20,146.4793243408203,298.4931640625
2021-10-21,146.6952362060547,301.7459716796875
2021-10-22,145.91995239257812,300.19232177734375
2021-10-25,145.8708953857422,299.1922607421875
2021-10-26,146.53823852539062,301.1147766113281
2021-10-27,146.0769805908203,313.7959289550781
2021-10-28,149.7276611328125,314.9418029785156
2021-10-29,147.00929260253906,322.0008850097656
2021-11-01,146.18496704101562,319.8161926269531
2021-11-02,147.2251739501953,323.4670715332031
2021-11-03,148.66783142089844,324.31182861328125
2021-11-04,148.1476593017578,326.68109130859375
2021-11-05,148.67837524414062,326.3121643066406
2021-11-08,147.85281372070312,327.2151184082031
2021-11-09,148.2164764404297,326.2052917480469
2021-11-10,145.37620544433594,321.20465087890625
2021-11-11,145.32699584960938,322.78741455078125
2021-11-12,147.4105682373047,326.9529724121094
2021-11-15,147.42042541503906,326.3218078613281
2021-11-16,148.4031982421875,329.6620788574219
2021-11-17,150.85040283203125,329.8857727050781
2021-11-18,155.15505981445312,331.9772033691406
2021-11-19,157.78897094726562,333.7671203613281
2021-11-22,158.2509002685547,330.5764465332031
2021-11-23,158.63418579101562,328.4849548339844
2021-11-24,159.15509033203125,328.7087707519531
2021-11-26,154.11326599121094,320.7028503417969
2021-11-29,157.48431396484375,327.4635925292969
2021-11-30,162.457275390625,321.5881042480469
2021-12-01,161.9364013671875,321.0919494628906
2021-12-02,160.9437713623047,320.5179748535156
2021-12-03,159.05677795410156,314.2144470214844
2021-12-06,162.4769287109375,317.307861328125
2021-12-07,168.23614501953125,325.80010986328125
2021-12-08,172.06907653808594,325.8487854003906
2021-12-09,171.55804443359375,324.0296936035156
2021-12-10,176.36395263671875,333.2126770019531
2021-12-13,172.71771240234375,330.1580810546875
2021-12-14,171.33197021484375,319.3993225097656
2021-12-15,176.216552734375,325.5375671386719
2021-12-16,169.29757690429688,316.0529479980469
2021-12-17,168.1968536376953,314.9828796386719
2021-12-20,166.8307647705078,311.1988525390625
2021-12-21,170.01504516601562,318.3778991699219
2021-12-22,172.61947631835938,324.1269836425781
2021-12-23,173.24847412109375,325.576416015625
2021-12-27,177.22879028320312,333.1251525878906
2021-12-28,176.20672607421875,331.9577331542969
2021-12-29,176.29513549804688,332.63873291015625
2021-12-30,175.1354522705078,330.080322265625
2021-12-31,174.5162811279297,327.16192626953125
2022-01-03,178.87991333007812,325.6347961425781
2022-01-04,176.6096649169922,320.0511169433594
2022-01-05,171.91184997558594,307.7650146484375
2022-01-06,169.04209899902344,305.3330383300781
2022-01-07,169.20909118652344,305.4886779785156
2022-01-10,169.2288055419922,305.71246337890625
2022-01-11,172.06907653808594,306.4031066894531
2022-01-12,172.51133728027344,309.6035461425781
2022-01-13,169.2288055419922,296.500244140625
2022-01-14,170.09365844726562,301.7532958984375
2022-01-18,166.8798828125,294.4088439941406
2022-01-19,163.3712921142578,295.07037353515625
2022-01-20,161.6808319091797,293.3874816894531
2022-01-21,159.6170196533203,287.9691467285156
2022-01-24,158.84056091308594,288.2998962402344
2022-01-25,157.03221130371094,280.6343994140625
2022-01-26,156.9437713623047,288.630615234375
2022-01-27,156.48184204101562,291.6753845214844
2022-01-28,167.40077209472656,299.86614990234375
2022-01-31,171.77423095703125,302.5120544433594
2022-02-01,171.607177734375,300.3525085449219
2022-02-02,172.81600952148438,304.9244689941406
2022-02-03,169.9265594482422,293.0470275878906
2022-02-04,169.6412353515625,297.6092834472656
2022-02-07,168.92286682128906,292.7551574707031
2022-02-08,172.0423126220703,296.2668151855469
2022-02-09,173.4691925048828,302.7357482910156
2022-02-10,169.3755340576172,294.14617919921875
2022-02-11,165.9510040283203,287.006103515625
2022-02-14,166.1871795654297,286.9671630859375
2022-02-15,170.0348358154297,292.2882385253906
2022-02-16,169.79867553710938,291.947021484375
2022-02-17,166.1871795654297,283.39825439453125
2022-02-18,164.6324005126953,280.6688537597656
2022-02-22,161.6999053955078,280.464111328125
2022-02-23,157.51766967773438,273.2020568847656
2022-02-24,160.1450958251953,287.16082763671875
2022-02-25,162.221435546875,289.8122863769531
2022-02-28,162.4871063232422,291.25494384765625
2022-03-01,160.59776306152344,287.51177978515625
2022-03-02,163.9041748046875,292.61962890625
2022-03-03,163.5794219970703,288.4573669433594
2022-03-04,160.5682373046875,282.5502014160156
2022-03-07,156.7599334716797,271.8763427734375
2022-03-08,154.92958068847656,268.89349365234375
2022-03-09,160.35171508789062,281.2244567871094
2022-03-10,155.99237060546875,278.38787841796875
2022-03-11,152.2628173828125,273.0071105957031
2022-03-14,148.21832275390625,269.46856689453125
2022-03-15,152.61708068847656,279.9084777832031
2022-03-16,157.04530334472656,286.96588134765625
2022-03-17,158.05886840820312,287.7750244140625
2022-03-18,161.3652801513672,292.8536071777344
2022-03-21,162.74298095703125,291.6156311035156
2022-03-22,166.12815856933594,296.39202880859375
2022-03-23,167.49595642089844,291.93731689453125
2022-03-24,171.29444885253906,296.4309997558594
2022-03-25,171.93408203125,296.0216369628906
2022-03-28,172.800048828125,302.8646240234375
2022-03-29,176.10646057128906,307.4558410644531
2022-03-30,174.93545532226562,305.94488525390625
2022-03-31,171.82582092285156,300.53485107421875
2022-04-01,171.53060913085938,301.616943359375
2022-04-04,175.59474182128906,307.0269470214844
2022-04-05,172.26861572265625,303.0400390625
2022-04-06,169.09014892578125,291.947021484375
2022-04-07,169.39520263671875,293.7698974609375
2022-04-08,167.3778839111328,289.48089599609375
2022-04-11,163.10708618164062,278.066162109375
2022-04-12,164.98663330078125,274.9468688964844
2022-04-13,167.6829376220703,280.36669921875
2022-04-14,162.65443420410156,272.7731018066406
2022-04-18,162.4379425048828,273.44573974609375
2022-04-19,164.7307586669922,278.1051330566406
2022-04-20,164.5634765625,279.1384582519531
2022-04-21,163.76641845703125,273.7283935546875
2022-04-22,159.210205078125,267.119384765625
2022-04-25,160.2828369140625,273.6407165527344
2022-04-26,154.29978942871094,263.4053955078125
2022-04-27,154.0734405517578,276.0776672363281
2022-04-28,161.03074645996094,282.325927734375
2022-04-29,155.13621520996094,270.5213928222656
2022-05-02,155.44129943847656,277.29608154296875
2022-05-03,156.9370574951172,274.6739196777344
2022-05-04,163.372802734375,282.66717529296875
2022-05-05,154.27027893066406,270.3556823730469
2022-05-06,154.99954223632812,267.8017272949219
2022-05-09,149.85520935058594,257.90765380859375
2022-05-10,152.26971435546875,262.7035827636719
2022-05-11,144.3758544921875,253.9793243408203
2022-05-12,140.4929656982422,248.9104766845703
2022-05-13,144.9769744873047,254.53497314453125
2022-05-16,143.42977905273438,254.9053192138672
2022-05-17,147.0761260986328,260.0912170410156
2022-05-18,138.77821350097656,248.24932861328125
2022-05-19,135.35855102539062,247.33091735839844
2022-05-20,135.5950469970703,246.76422119140625
2022-05-23,141.03501892089844,254.6685791015625
2022-05-24,138.3248748779297,253.66217041015625
2022-05-25,138.48255920410156,256.4956359863281
2022-05-26,141.69532775878906,259.798095703125
2022-05-27,147.47032165527344,266.9696350097656
2022-05-31,146.68190002441406,265.63104248046875
2022-06-01,146.55381774902344,266.16845703125
2022-06-02,149.017578125,268.27886962890625
2022-06-03,143.27210998535156,263.8235778808594
2022-06-06,144.0210418701172,262.5826721191406
2022-06-07,146.55381774902344,266.24664306640625
2022-06-08,145.81466674804688,264.20458984375
2022-06-09,140.5718231201172,258.7135925292969
2022-06-10,135.1417236328125,247.184326171875
2022-06-13,129.96780395507812,236.70059204101562
2022-06-14,130.83509826660156,238.87942504882812
2022-06-15,133.46633911132812,245.98255920410156
2022-06-16,128.17420959472656,239.34840393066406
2022-06-17,129.65245056152344,241.9668731689453
2022-06-21,133.89996337890625,247.91714477539062
2022-06-22,133.38754272460938,247.32115173339844
2022-06-23,136.2651824951172,252.91964721679688
2022-06-24,139.60601806640625,261.5567932128906
2022-06-27,139.60601806640625,258.8112487792969
2022-06-28,135.44720458984375,250.59426879882812
2022-06-29,137.21127319335938,254.28753662109375
2022-06-30,134.73764038085938,250.9362030029297
2022-07-01,136.91561889648438,253.62310791015625
2022-07-05,139.50747680664062,256.8180847167969
2022-07-06,140.8477325439453,260.1009521484375
2022-07-07,144.22802734375,262.24072265625
2022-07-08,144.90798950195312,261.5177001953125
2022-07-11,142.76947021484375,258.4399719238281
2022-07-12,143.7451171875,247.84873962402344
2022-07-13,143.3804931640625,246.9205322265625
2022-07-14,146.31729125976562,248.24932861328125
2022-07-15,147.99264526367188,250.8287353515625
2022-07-18,144.9376220703125,248.41543579101562
2022-07-19,148.8106231689453,253.57423400878906
2022-07-20,150.82102966308594,256.2513427734375
2022-07-21,153.09751892089844,258.76239013671875
2022-07-22,151.85580444335938,254.3852081298828
2022-07-25,150.73233032226562,252.89035034179688
2022-07-26,149.4019317626953,246.1193389892578
2022-07-27,154.5166473388672,262.5729064941406
2022-07-28,155.0685272216797,270.0669250488281
2022-07-29,160.15370178222656,274.2975158691406
2022-08-01,159.16824340820312,271.63018798828125
2022-08-02,157.68994140625,268.5133972167969
2022-08-03,163.7212371826172,275.98785400390625
2022-08-04,163.40586853027344,277.1407165527344
2022-08-05,163.17889404296875,276.41778564453125
2022-08-08,162.70518493652344,273.8871765136719
2022-08-09,162.75453186035156,275.82171630859375
2022-08-10,167.01780700683594,282.5243225097656
2022-08-11,166.27767944335938,280.4333801269531
2022-08-12,169.8402557373047,285.211181640625
2022-08-15,170.91590881347656,286.7354431152344
2022-08-16,170.758056640625,285.99285888671875
2022-08-17,172.2581024169922,285.2388916015625
2022-08-18,171.8633270263672,284.1129455566406
2022-08-19,169.26788330078125,280.1767883300781
2022-08-22,165.3697509765625,271.95220947265625
2022-08-23,165.03416442871094,270.66949462890625
2022-08-24,165.3302764892578,270.0331115722656
2022-08-25,167.79742431640625,273.0292053222656
2022-08-26,161.4716033935547,262.4938049316406
2022-08-29,159.26104736328125,259.6935119628906
2022-08-30,156.82347106933594,257.480712890625
2022-08-31,155.1556396484375,256.011962890625
2022-09-01,155.8859100341797,254.9643096923828
2022-09-02,153.76416015625,250.71493530273438
2022-09-06,152.5009307861328,247.96360778808594
2022-09-07,153.91220092773438,252.70257568359375
2022-09-08,152.43186950683594,253.12359619140625
2022-09-09,155.3036651611328,258.9395751953125
2022-09-12,161.28408813476562,261.0838928222656
2022-09-13,151.8199920654297,246.72988891601562
2022-09-14,153.27072143554688,246.95510864257812
2022-09-15,150.36932373046875,240.2578887939453
2022-09-16,148.7212677001953,239.63124084472656
2022-09-19,152.45164489746094,239.41583251953125
2022-09-20,154.83984375,237.38902282714844
2022-09-21,151.7015838623047,233.96209716796875
2022-09-22,150.73446655273438,235.94973754882812
2022-09-23,148.45477294921875,232.95359802246094
2022-09-26,148.7903289794922,232.49339294433594
2022-09-27,149.767333984375,231.47511291503906
2022-09-28,147.87252807617188,236.03785705566406
2022-09-29,140.6091766357422,232.54234313964844
2022-09-30,136.38540649414062,228.0383758544922
2022-10-03,140.57958984375,235.71473693847656
2022-10-04,144.181640625,243.68482971191406
2022-10-05,144.4777069091797,243.9981231689453
2022-10-06,143.5204315185547,241.63844299316406
2022-10-07,138.2505645751953,229.35043334960938
2022-10-10,138.57623291015625,224.46456909179688
2022-10-11,137.15512084960938,220.7047576904297
2022-10-12,136.52354431152344,221.0376434326172
2022-10-13,141.11248779296875,229.35043334960938
2022-10-14,136.5630340576172,223.78897094726562
2022-10-17,140.54010009765625,232.5717315673828
2022-10-18,141.8625030517578,233.521484375
2022-10-19,141.9710693359375,231.5436553955078
2022-10-20,141.50723266601562,231.2205352783203
2022-10-21,145.33627319335938,237.06593322753906
2022-10-24,147.48765563964844,242.08885192871094
2022-10-25,150.3397216796875,245.42767333984375
2022-10-26,147.38897705078125,226.49136352539062
2022-10-27,142.8987274169922,222.01675415039062
2022-10-28,153.69505310058594,230.9463653564453
2022-10-31,151.32656860351562,227.28445434570312
2022-11-01,148.67190551757812,223.4071044921875
2022-11-02,143.1256866455078,215.50558471679688
2022-11-03,137.05645751953125,209.7777099609375
2022-11-04,136.78958129882812,216.76866149902344
2022-11-07,137.32330322265625,223.11337280273438
2022-11-08,137.8966827392578,224.09249877929688
2022-11-09,133.3199005126953,219.82354736328125
2022-11-10,145.1819610595703,237.907958984375
2022-11-11,147.97946166992188,241.9517822265625
2022-11-14,146.5757598876953,236.50782775878906
2022-11-15,148.31552124023438,236.91903686523438
2022-11-16,147.07989501953125,237.35107421875
2022-11-17,148.98773193359375,237.30198669433594
2022-11-18,149.5511474609375,236.85031127929688
2022-11-21,146.30886840820312,237.66531372070312
2022-11-22,148.45391845703125,240.59130859375
2022-11-23,149.33372497558594,243.0950927734375
2022-11-25,146.40773010253906,243.00674438476562
2022-11-28,142.5624237060547,237.38052368164062
2022-11-29,139.5474853515625,235.97645568847656
2022-11-30,146.3286590576172,250.5181427001953
2022-12-01,146.6054229736328,250.0762939453125
2022-12-02,146.11117553710938,250.40032958984375
2022-12-05,144.9447479248047,245.66763305664062
2022-12-06,141.26748657226562,240.67965698242188
2022-12-07,139.32012939453125,239.9432830810547
2022-12-08,141.01048278808594,242.91836547851562
2022-12-09,140.526123046875,240.9742431640625
2022-12-12,142.829345703125,247.935791015625
2022-12-13,143.79806518554688,252.2659149169922
2022-12-14,141.56402587890625,252.5605010986328
2022-12-15,134.93116760253906,244.49920654296875
2022-12-16,132.96401977539062,240.2574462890625
2022-12-19,130.8486328125,236.09425354003906
2022-12-20,130.7794189453125,237.4197998046875
2022-12-21,133.89321899414062,240.00216674804688
2022-12-22,130.71022033691406,233.87518310546875
2022-12-23,130.34449768066406,234.40542602539062
2022-12-27,128.5355224609375,232.66749572753906
2022-12-28,124.59137725830078,230.28150939941406
2022-12-29,128.12034606933594,236.6440887451172
2022-12-30,128.43666076660156,235.47569274902344
